COPY public.activitycelink (activity_id, ce_id) FROM stdin;
\.


--
-- Data for Name: competency; Type: TABLE DATA; Schema: public; Owner: app_user
--

COPY public.competency (id, code, label, description, situations_pro, level, pathway) FROM stdin;
1	C1-BUT1	Marketing (BUT 1)		en situation de développement d'un produit\nen situation de développement d'un service\nen situation de développement d'une activité non marchande	1	Tronc Commun
2	C1-BUT2	Marketing (BUT 2)		en situation de développement d'un produit\nen situation de développement d'un service\nen situation de développement d'une activité non marchande	2	Tronc Commun
3	C1-BUT3	Marketing (BUT 3)		en situation de développement d'un produit\nen situation de développement d'un service\nen situation de développement d'une activité non marchande	3	Tronc Commun
4	C2-BUT1	Vente (BUT 1)		en situation de vente en B to C\nen situation de vente en B to B	1	Tronc Commun
5	C2-BUT2	Vente (BUT 2)		en situation de vente en B to C\nen situation de vente en B to B	2	Tronc Commun
6	C2-BUT3	Vente (BUT 3)		en situation de vente en B to C\nen situation de vente en B to B	3	Tronc Commun
7	C3-BUT1	Communication commerciale (BUT 1)		en situation de communication de l'offre en tant qu'annonceur\nen situation de communication de l'offre en tant qu'agence de communication	1	Tronc Commun
8	C3-BUT2	Communication commerciale (BUT 2)		en situation de communication de l'offre en tant qu'annonceur\nen situation de communication de l'offre en tant qu'agence de communication	2	Tronc Commun
9	C4-SME-BUT2	Branding (BUT 2)		en situation de promotion de l’identité de marque B to C\nen situation d'animation de l’identité de marque B to B\nen situation de réalisation d'un audit de marque interne et externe	2	SME
10	C4-SME-BUT3	Branding (BUT 3)		en situation de promotion de l’identité de marque B to C\nen situation d'animation de l’identité de marque B to B\nen situation de réalisation d'un audit de marque interne et externe	3	SME
11	C5-SME-BUT2	Evénementiel (BUT 2)		en situation de développement d'un projet événementiel accueillant du public\nen situation de développement d'un projet événementiel interne\nen situation de développement d'un projet événementiel piloté en tant que prestataire	2	SME
12	C5-SME-BUT3	Evénementiel (BUT 3)		en situation de développement d'un projet événementiel accueillant du public\nen situation de développement d'un projet événementiel interne\nen situation de développement d'un projet événementiel piloté en tant que prestataire	3	SME
13	C4-MMPV-BUT2	Management (BUT 2)		en situation de commerce intégré\nen situation de commerce indépendant\nen situation de distribution de services\nen situation de distribution de produits	2	MMPV
14	C4-MMPV-BUT3	Management (BUT 3)		en situation de commerce intégré\nen situation de commerce indépendant\nen situation de distribution de services\nen situation de distribution de produits	3	MMPV
15	C5-MMPV-BUT2	Retail marketing (BUT 2)		en situation de commerce intégré\nen situation de commerce indépendant\nen situation de déploiement de l'activité d'un rayon ou d'un corner\nen situation de déploiement de l'activité d'un magasin	2	MMPV
16	C5-MMPV-BUT3	Retail marketing (BUT 3)		en situation de commerce intégré\nen situation de commerce indépendant\nen situation de déploiement de l'activité d'un rayon ou d'un corner\nen situation de déploiement de l'activité d'un magasin	3	MMPV
17	C4-MDEE-BUT2	Marketing digital (BUT 2)		en situation de déploiement d'une activité digitale en B to C\nen situation de déploiement d'une activité digitale en B to B\nen situation de déploiement d'une activité digitale tournée vers un bien\nen situation de déploiement d'une activité digitale tournée vers un service	2	MDEE
18	C4-MDEE-BUT3	Marketing digital (BUT 3)		en situation de déploiement d'une activité digitale en B to C\nen situation de déploiement d'une activité digitale en B to B\nen situation de déploiement d'une activité digitale tournée vers un bien\nen situation de déploiement d'une activité digitale tournée vers un service	3	MDEE
19	C5-MDEE-BUT2	E-business et entrepreneuriat (BUT 2)		en situation de création d'entreprise\nen situation de développement d'un projet au sein d'une organisation	2	MDEE
20	C5-MDEE-BUT3	E-business et entrepreneuriat (BUT 3)		en situation de création d'entreprise\nen situation de développement d'un projet au sein d'une organisation	3	MDEE
21	C4-BI-BUT2	Stratégie à l'international (BUT 2)		en situation de mise en oeuvre d'une stratégie dans une entreprise de taille PME/PMI\nen situation de mise en oeuvre d'une stratégie dans une grande entreprise\nen situation d'import/export sur la zone Europe\nen situation d'import/export sur la zone Grand-Export	2	BI
22	C4-BI-BUT3	Stratégie à l'international (BUT 3)		en situation de mise en oeuvre d'une stratégie dans une entreprise de taille PME/PMI\nen situation de mise en oeuvre d'une stratégie dans une grande entreprise\nen situation d'import/export sur la zone Europe\nen situation d'import/export sur la zone Grand-Export	3	BI
23	C5-BI-BUT2	Opérations à l'international (BUT 2)		en situation de pilotage des opérations à l'international pour un bien de grande consommation\nen situation de pilotage des opérations à l'international pour un bien de grande industrie\nen situation de pilotage des opérations à l'international pour une activité de services	2	BI
24	C5-BI-BUT3	Opérations à l'international (BUT 3)		en situation de pilotage des opérations à l'international pour un bien de grande consommation\nen situation de pilotage des opérations à l'international pour un bien de grande industrie\nen situation de pilotage des opérations à l'international pour une activité de services	3	BI
25	C4-BDMRC-BUT2	Business développement (BUT 2)		en situation d'activité commerciale en B to B\nen situation d'activité commerciale en B to C	2	BDMRC
26	C4-BDMRC-BUT3	Business développement (BUT 3)		en situation d'activité commerciale en B to B\nen situation d'activité commerciale en B to C	3	BDMRC
27	C5-BDMRC-BUT2	Relation client (BUT 2)		en situation d'activité commerciale en B to B\nen situation d'activité commerciale en B to C	2	BDMRC
28	C5-BDMRC-BUT3	Relation client (BUT 3)		en situation d'activité commerciale en B to B\nen situation d'activité commerciale en B to C	3	BDMRC
\.


--
-- Data for Name: essentialcomponent; Type: TABLE DATA; Schema: public; Owner: app_user
--

COPY public.essentialcomponent (id, code, label, level, pathway, competency_id) FROM stdin;
1	CE1.1	en analysant avec des outils pertinents les contextes économiques, juridiques, commerciaux et financiers	1	Tronc Commun	1
2	CE1.2	en évaluant de manière adaptée les principaux acteurs de l’offre sur le marché	1	Tronc Commun	1
3	CE1.3	en quantifiant la demande et en appréciant le comportement du consommateur	1	Tronc Commun	1
4	CE1.4	en analysant avec les outils appropriés les compétences et les ressources de l'entreprise	1	Tronc Commun	1
5	CE1.5	en élaborant un mix adapté à la cible et positionné par rapport aux concurrents	1	Tronc Commun	1
6	CE1.6	en adoptant une posture citoyenne, éthique et écologique	1	Tronc Commun	1
7	CE1.1	en analysant avec des outils pertinents les contextes économiques, juridiques, commerciaux et financiers	2	Tronc Commun	2
8	CE1.2	en évaluant de manière adaptée les principaux acteurs de l’offre sur le marché	2	Tronc Commun	2
9	CE1.3	en quantifiant la demande et en appréciant le comportement du consommateur	2	Tronc Commun	2
10	CE1.4	en analysant avec les outils appropriés les compétences et les ressources de l'entreprise	2	Tronc Commun	2
11	CE1.5	en élaborant un mix adapté à la cible et positionné par rapport aux concurrents	2	Tronc Commun	2
12	CE1.6	en adoptant une posture citoyenne, éthique et écologique	2	Tronc Commun	2
13	CE1.1	en analysant avec des outils pertinents les contextes économiques, juridiques, commerciaux et financiers	3	Tronc Commun	3
14	CE1.2	en évaluant de manière adaptée les principaux acteurs de l’offre sur le marché	3	Tronc Commun	3
15	CE1.3	en quantifiant la demande et en appréciant le comportement du consommateur	3	Tronc Commun	3
16	CE1.4	en analysant avec les outils appropriés les compétences et les ressources de l'entreprise	3	Tronc Commun	3
17	CE1.5	en élaborant un mix adapté à la cible et positionné par rapport aux concurrents	3	Tronc Commun	3
18	CE1.6	en adoptant une posture citoyenne, éthique et écologique	3	Tronc Commun	3
19	CE2.1	en respectant l’ordre des étapes de la négociation commerciale et une démarche éthique	1	Tronc Commun	4
20	CE2.2	en élaborant les documents commerciaux adaptés	1	Tronc Commun	4
21	CE2.3	en utilisant de façon efficace des indicateurs de performance	1	Tronc Commun	4
22	CE2.4	en prospectant à l'aide d'outils adaptés	1	Tronc Commun	4
23	CE2.5	en adaptant sa communication verbale et non verbale	1	Tronc Commun	4
24	CE2.1	en respectant l’ordre des étapes de la négociation commerciale et une démarche éthique	2	Tronc Commun	5
25	CE2.2	en élaborant les documents commerciaux adaptés	2	Tronc Commun	5
26	CE2.3	en utilisant de façon efficace des indicateurs de performance	2	Tronc Commun	5
27	CE2.4	en prospectant à l'aide d'outils adaptés	2	Tronc Commun	5
28	CE2.5	en adaptant sa communication verbale et non verbale	2	Tronc Commun	5
29	CE2.1	en respectant l’ordre des étapes de la négociation commerciale et une démarche éthique	3	Tronc Commun	6
30	CE2.2	en élaborant les documents commerciaux adaptés	3	Tronc Commun	6
31	CE2.3	en utilisant de façon efficace des indicateurs de performance	3	Tronc Commun	6
32	CE2.4	en prospectant à l'aide d'outils adaptés	3	Tronc Commun	6
33	CE2.5	en adaptant sa communication verbale et non verbale	3	Tronc Commun	6
34	CE3.1	en élaborant une stratégie de communication en cohérence avec le mix	1	Tronc Commun	7
35	CE3.2	en utilisant les outils de la communication commerciale adaptés	1	Tronc Commun	7
36	CE3.3	en produisant des supports de communication efficaces et qualitatifs	1	Tronc Commun	7
37	CE3.4	en respectant la réglementation en vigueur	1	Tronc Commun	7
38	CE3.1	en élaborant une stratégie de communication en cohérence avec le mix	2	Tronc Commun	8
39	CE3.2	en utilisant les outils de la communication commerciale adaptés	2	Tronc Commun	8
40	CE3.3	en produisant des supports de communication efficaces et qualitatifs	2	Tronc Commun	8
41	CE3.4	en respectant la réglementation en vigueur	2	Tronc Commun	8
42	CE4.1	en analysant de manière pertinente l'image et les territoires de la marque	2	SME	9
43	CE4.2	en déterminant judicieusement les valeurs et composantes essentielles de la marque	2	SME	9
44	CE4.3	en mettant en place des actions pour valoriser l'image de marque	2	SME	9
45	CE4.4	en mesurant correctement l'efficacité de la stratégie de marque	2	SME	9
46	CE4.1	en analysant de manière pertinente l'image et les territoires de la marque	3	SME	10
47	CE4.2	en déterminant judicieusement les valeurs et composantes essentielles de la marque	3	SME	10
48	CE4.3	en mettant en place des actions pour valoriser l'image de marque	3	SME	10
49	CE4.4	en mesurant correctement l'efficacité de la stratégie de marque	3	SME	10
50	CE5.1	en s'adaptant aux besoins du commanditaire de manière optimale	2	SME	11
51	CE5.2	en utilisant efficacement les outils de gestion de projet et de management d'équipe	2	SME	11
52	CE5.3	en mettant en oeuvre des outils de communication et de commercialisation adaptés	2	SME	11
53	CE5.4	en respectant les contraintes juridiques, budgétaires et logistiques	2	SME	11
54	CE5.1	en s'adaptant aux besoins du commanditaire de manière optimale	3	SME	12
55	CE5.2	en utilisant efficacement les outils de gestion de projet et de management d'équipe	3	SME	12
56	CE5.3	en mettant en oeuvre des outils de communication et de commercialisation adaptés	3	SME	12
57	CE5.4	en respectant les contraintes juridiques, budgétaires et logistiques	3	SME	12
58	CE4.1	en veillant à l'atteinte des objectifs commerciaux par l'équipe	2	MMPV	13
59	CE4.2	en animant l'équipe commerciale par la valorisation des compétences	2	MMPV	13
60	CE4.3	en favorisant l'adhésion à la culture d'entreprise	2	MMPV	13
61	CE4.1	en veillant à l'atteinte des objectifs commerciaux par l'équipe	3	MMPV	14
62	CE4.2	en animant l'équipe commerciale par la valorisation des compétences	3	MMPV	14
63	CE4.3	en favorisant l'adhésion à la culture d'entreprise	3	MMPV	14
64	CE5.1	en appréhendant l'environnement commercial pour en dégager les spécificités	2	MMPV	15
65	CE5.2	en pilotant la relation avec les fournisseurs et le réseau	2	MMPV	15
66	CE5.3	en développant l'attractivité commerciale de l'espace de vente	2	MMPV	15
67	CE5.4	en enrichissant l'expérience client par la mesure de la satisfaction client	2	MMPV	15
68	CE5.1	en appréhendant l'environnement commercial pour en dégager les spécificités	3	MMPV	16
69	CE5.2	en pilotant la relation avec les fournisseurs et le réseau	3	MMPV	16
70	CE5.3	en développant l'attractivité commerciale de l'espace de vente	3	MMPV	16
71	CE5.4	en enrichissant l'expérience client par la mesure de la satisfaction client	3	MMPV	16
72	CE4.1	en sélectionnant les outils pertinents de recueil, traitement et analyse des données de masse	2	MDEE	17
73	CE4.2	en développant une stratégie marketing digitale performante	2	MDEE	17
74	CE4.3	en pilotant efficacement une offre digitale	2	MDEE	17
75	CE4.4	en optimisant la relation client digitalisée	2	MDEE	17
76	CE4.5	en assurant une logistique performante du e-commerce	2	MDEE	17
77	CE4.1	en sélectionnant les outils pertinents de recueil, traitement et analyse des données de masse	3	MDEE	18
78	CE4.2	en développant une stratégie marketing digitale performante	3	MDEE	18
79	CE4.3	en pilotant efficacement une offre digitale	3	MDEE	18
80	CE4.4	en optimisant la relation client digitalisée	3	MDEE	18
81	CE4.5	en assurant une logistique performante du e-commerce	3	MDEE	18
82	CE5.1	en élaborant le document du modèle d'affaires décrivant la création et le partage de la valeur	2	MDEE	19
83	CE5.2	en développant une vision stratégique partagée	2	MDEE	19
84	CE5.3	en analysant de façon pertinente des documents et indicateurs financiers	2	MDEE	19
85	CE5.4	en analysant d'un point de vue quantitatif et qualitatif les environnements spécifiques	2	MDEE	19
86	CE5.5	en mobilisant des techniques adéquates pour passer de la créativité à l'innovation	2	MDEE	19
87	CE5.6	en s'intégrant activement dans un projet collectif	2	MDEE	19
88	CE5.1	en élaborant le document du modèle d'affaires décrivant la création et le partage de la valeur	3	MDEE	20
89	CE5.2	en développant une vision stratégique partagée	3	MDEE	20
90	CE5.3	en analysant de façon pertinente des documents et indicateurs financiers	3	MDEE	20
91	CE5.4	en analysant d'un point de vue quantitatif et qualitatif les environnements spécifiques	3	MDEE	20
92	CE5.5	en mobilisant des techniques adéquates pour passer de la créativité à l'innovation	3	MDEE	20
93	CE5.6	en s'intégrant activement dans un projet collectif	3	MDEE	20
94	CE4.1	en analysant la capacité de l'entreprise à s'internationaliser	2	BI	21
95	CE4.2	en évaluant l'environnement international	2	BI	21
96	CE4.3	en sélectionnant le ou les marchés les plus performants	2	BI	21
97	CE4.1	...	3	BI	22
98	CE5.1	en utilisant les outils adaptés aux achats à l'international	2	BI	23
99	CE5.2	en adaptant la chaîne logistique	2	BI	23
100	CE5.3	en pilotant des opérations d'import-export	2	BI	23
101	CE5.4	en développant une politique marketing adaptée	2	BI	23
102	CE5.1	...	3	BI	24
103	CE4.1	en identifiant les opportunités de développement	2	BDMRC	25
104	CE4.2	en manageant efficacement les équipes commerciales	2	BDMRC	25
105	CE4.3	en élaborant une offre adaptée au contexte sectoriel	2	BDMRC	25
106	CE4.1	...	3	BDMRC	26
107	CE5.1	Manager la relation client en développant une culture partagée de service client	2	BDMRC	27
108	CE5.2	en pilotant la satisfaction et l'expérience client	2	BDMRC	27
109	CE5.3	en valorisant le portefeuille client	2	BDMRC	27
110	CE5.1	...	3	BDMRC	28
\.


--
-- Data for Name: group; Type: TABLE DATA; Schema: public; Owner: app_user
--

COPY public."group" (id, name, year, pathway, formation_type, academic_year) FROM stdin;
1	Enseignants	0	Staff	N/A	2025-2026
\.


--
-- Data for Name: learningoutcome; Type: TABLE DATA; Schema: public; Owner: app_user
--

COPY public.learningoutcome (id, code, label, description, level, pathway, competency_id) FROM stdin;
111	AC24.03BDMRC	Travailler en équipe tout en respectant le rôle de chacun	L'étudiant doit démontrer sa capacité à s'intégrer dans une force de vente, en respectant la hiérarchie et les missions de ses collaborateurs.\n\n### Ressources mobilisées\n• R4.BDMRC.09 : Fondamentaux du management de l’équipe commerciale.\n• R3.09 : Psychologie sociale du travail.\n\n### Mise en pratique (SAÉ)\n• SAÉ 4.BDMRC.03 : Élaboration d’un plan d’actions commercial et relationnel.\n\n### Critères d’évaluation\n• Adhésion aux objectifs collectifs : Contribution active aux livrables du groupe lors du projet transverse.\n• Posture professionnelle : Respect des consignes du 'manager' (étudiant ou tuteur) et des délais impartis.\n\nEn résumé : cet AC forge le savoir-être indispensable pour fonctionner efficacement au sein d'une direction commerciale.	2	BDMRC	25
112	AC24.04BDMRC	Adapter l'offre à une demande client	L'expertise consiste à transformer une offre standard en une solution sur-mesure répondant au cahier des charges précis d'un client professionnel.\n\n### Ressources mobilisées\n• R3.BDMRC.15 : Marketing B2B.\n• R1.01 : Fondamentaux du marketing.\n\n### Mise en pratique (SAÉ)\n• SAÉ 4.BDMRC.03 : Élaboration d’un plan d’actions commercial et relationnel.\n\n### Critères d’évaluation\n• Conformité à la demande : L'offre adaptée respecte strictement les contraintes techniques et financières du client.\n• Force de proposition : Mise en évidence des avantages personnalisés et de la création de valeur pour l'organisation cliente.\n\nEn résumé : cet AC apprend à passer d'une logique de 'produit' à une logique de 'solution' adaptée au client.	2	BDMRC	25
79	AC34.02MDEE	Mettre en oeuvre des spécificités du marketing digital	Il s'agit de déployer des stratégies avancées d'acquisition et de fidélisation, incluant le contenu et la visibilité technique.\n\n### Ressources mobilisées\n• R5.MDEE.12 : Référencement.\n• R5.MDEE.13 : Stratégie social media et e-CRM.\n• R5.MDEE.15 : Stratégie de contenu et rédaction web.\n\n### Mise en pratique (SAÉ)\n• SAÉ 5.MDEE.01 : Développement d'un projet digital.\n\n### Critères d’évaluation\n• Performance de la stratégie : Efficacité démontrée des leviers SEO et des réseaux sociaux pour générer de la visibilité.\n• Cohérence éditoriale : Adéquation entre la stratégie de contenu et les objectifs marketing globaux.\n\nEn résumé : cet AC permet de piloter la visibilité et l'engagement d'une marque sur le web.	3	MDEE	18
80	AC34.03MDEE	Elaborer un cahier des charges e-business	L'étudiant ne se contente plus d'utiliser un document existant mais devient l'auteur du cadrage complet d'un projet digital complexe.\n\n### Ressources mobilisées\n• R5.MDEE.10 : RCN appliquées au marketing digital.\n\n### Mise en pratique (SAÉ)\n• SAÉ 5.MDEE.01 : Développement d'un projet digital.\n• Stage S6 : Mission de fin d'études.\n\n### Critères d’évaluation\n• Précision technique : Clarté des spécifications fonctionnelles et techniques transmises aux prestataires.\n• Maîtrise du cadrage : Capacité à intégrer l'ensemble des contraintes du e-business (paiement, sécurité, UX) dès la conception.\n\nEn résumé : cet AC apprend à structurer et à piloter un projet digital de A à Z.	3	MDEE	18
81	AC34.04MDEE	S'appuyer sur les indicateurs de performances pour améliorer la relation client	L'expertise consiste à utiliser les KPIs pour piloter l'amélioration continue de l'expérience client digitalisée.\n\n### Ressources mobilisées\n• R5.MDEE.13 : Stratégie social media et e-CRM.\n\n### Mise en pratique (SAÉ)\n• SAÉ 5.MDEE.01 : Développement d'un projet digital.\n\n### Critères d’évaluation\n• Optimisation de la relation : Capacité à identifier les points de friction dans le parcours client à partir des données et à proposer des correctifs.\n• Impact stratégique : Justesse du lien établi entre l'évolution des indicateurs et l'augmentation de la valeur client.\n\nEn résumé : cet AC apprend à utiliser la data pour parfaire l'expérience utilisateur et la fidélisation.	3	MDEE	18
2	AC11.02	Mettre en oeuvre une étude de marché dans un environnement simple	Il s'agit de maîtriser des outils de collecte de données (qualitatives ou quantitatives) pour quantifier la demande et comprendre le comportement des consommateurs dans un contexte non complexe.\n\n### Ressources mobilisées (S1)\n• R1.04 : Études marketing - 1.\n• R1.07 : Techniques quantitatives et représentations - 1.\n\n### Mise en pratique (SAÉ)\n• SAÉ 1.01 : Marketing : positionnement d'une offre simple sur un marché.\n\n### Critères d'évaluation\n• Rigueur de la méthodologie de l'étude (échantillonnage, administration).\n• Exactitude de l'interprétation des résultats statistiques.\n\nEn résumé : cet AC permet de transformer des observations brutes en indicateurs précis pour valider le potentiel d'une offre.	1	Tronc Commun	1
13	AC12.01	Préparer un plan de découverte qui permette de profiler le client	L'étudiant doit structurer la phase de questionnement pour identifier les caractéristiques et les attentes du client avant de formuler une offre.\n\n### Ressources mobilisées\n• R1.02 : Fondamentaux de la vente.\n• R1.14 : Expression, communication et culture.\n• R1.15 : PPP.\n\n### Mise en pratique (SAÉ)\n• SAÉ 1.02 : Vente : démarche de prospection.\n• SAÉ 2.02 : Vente : initiation au jeu de rôle de négociation.\n\n### Critères d'évaluation\n• Rigueur de la structure du plan et pertinence du profilage client.\n\nEn résumé : cet AC apprend à fonder la vente sur un diagnostic précis des besoins réels pour éviter une approche standardisée.	1	Tronc Commun	4
14	AC12.02	Concevoir un argumentaire de vente adapté	Il s'agit de transformer les caractéristiques d'un produit ou service en bénéfices concrets pour le client, en utilisant des méthodes professionnelles comme le CAP (Caractéristiques, Avantages, Preuves).\n\n### Ressources mobilisées\n• R1.02 : Fondamentaux de la vente.\n• R2.02 : Techniques de vente et documents commerciaux.\n\n### Mise en pratique (SAÉ)\n• SAÉ 2.02 : Vente : initiation au jeu de rôle de négociation.\n\n### Critères d'évaluation\n• Capacité à personnaliser les avantages en fonction des besoins détectés lors de la découverte.\n\nEn résumé : cet AC permet de construire un discours convaincant axé sur la valeur ajoutée pour le client.	1	Tronc Commun	4
15	AC12.03	Concevoir des OAV efficaces	L'étudiant apprend à créer les supports (plaquettes, fiches techniques, présentations numériques) facilitant la démonstration de l'offre.\n\n### Ressources mobilisées\n• R1.13 : Ressources et culture numériques 1.\n• R2.02 : Techniques de vente.\n\n### Mise en pratique (SAÉ)\n• SAÉ 2.02 : Vente : initiation au jeu de rôle de négociation.\n\n### Critères d'évaluation\n• Qualité visuelle et clarté des informations présentées sur les supports.\n\nEn résumé : cet AC apprend à matérialiser l'offre par des outils professionnels qui rassurent et appuient l'argumentation.	1	Tronc Commun	4
116	AC25.01BDMRC	Intégrer la satisfaction client dans la réussite de la relation commerciale	L'étudiant doit comprendre et appliquer les principes d'une culture de service pour bâtir des relations durables avec les entreprises clientes.\n\n### Ressources mobilisées\n• R3.BDMRC.16 : Fondamentaux de la relation client.\n• R3.09 : Psychologie sociale du travail.\n\n### Mise en pratique (SAÉ)\n• SAÉ 4.BDMRC.03 : Élaboration d’un plan d’actions commercial et relationnel.\n\n### Critères d’évaluation\n• Qualité de l'écoute client : Capacité à identifier les besoins implicites et explicites lors d'une interaction.\n• Culture de service : Pertinence des propositions visant à améliorer l'expérience client tout au long de son parcours.\n\nEn résumé : cet AC apprend à placer le client au centre des préoccupations pour garantir la pérennité du business.	2	BDMRC	27
117	AC25.02BDMRC	Piloter sa relation client au moyen d'indicateurs	Il s'agit de mettre en place et de suivre des tableaux de bord pour mesurer l'efficacité des actions de fidélisation et de développement du portefeuille.\n\n### Ressources mobilisées\n• R3.08 : Tableau de bord commercial.\n• R3.07 : Techniques quantitatives et représentations 3.\n\n### Mise en pratique (SAÉ)\n• SAÉ 4.BDMRC.03 : Élaboration d’un plan d’actions commercial et relationnel.\n\n### Critères d’évaluation\n• Choix des indicateurs (KPIs) : Pertinence des mesures retenues (taux de rétention, Net Promoter Score, Life Time Value) pour évaluer la santé de la relation.\n• Justesse de l'analyse : Capacité à interpréter les écarts entre les objectifs fixés et les résultats obtenus.\n\nEn résumé : cet AC permet de transformer des données chiffrées en décisions de gestion pour optimiser la relation client.	2	BDMRC	27
118	AC25.03BDMRC	Traiter les réclamations client pour optimiser l'activité	L'étudiant doit savoir gérer les mécontentements et utiliser les retours négatifs comme des leviers d'amélioration de l'offre et des processus internes.\n\n### Ressources mobilisées\n• R4.BDMRC.10 : Relation client omnicanal.\n• R4.02 : Négociation : rôle du vendeur et de l'acheteur.\n\n### Mise en pratique (SAÉ)\n• SAÉ 4.BDMRC.03 : Élaboration d’un plan d’actions commercial et relationnel.\n\n### Critères d’évaluation\n• Efficacité de la réponse : Rapidité et pertinence de la solution apportée au client pour restaurer la confiance.\n• Réflexivité stratégique : Capacité à critiquer les causes de la réclamation et à proposer des ajustements concrets pour éviter sa répétition.\n\nEn résumé : cet AC apprend à transformer une situation de crise en une opportunité de renforcement du lien client.	2	BDMRC	27
119	AC25.04BDMRC	Exploiter de façon pertinente les outils de la relation client	L'expertise consiste à maîtriser les outils technologiques (CRM) pour valoriser le portefeuille client tout en respectant scrupuleusement la réglementation sur les données (RGPD).\n\n### Ressources mobilisées\n• R3.12 : Ressources et culture numériques 3.\n• R3.03 : Principes de la communication digitale.\n\n### Mise en pratique (SAÉ)\n• SAÉ 4.BDMRC.03 : Élaboration d’un plan d’actions commercial et relationnel.\n\n### Critères d’évaluation\n• Maîtrise technique du CRM : Capacité à saisir, mettre à jour et extraire des segments de clientèle pertinents pour des actions ciblées.\n• Conformité réglementaire : Respect strict de la règle de protection des données personnelles lors de l'exploitation de la base client.\n\nEn résumé : cet AC garantit une gestion moderne, efficace et légale du capital informationnel de l'entreprise.	2	BDMRC	27
28	AC13.01	Identifier les cibles et objectifs de communication	L'étudiant doit définir précisément à qui il s'adresse (acheteurs, utilisateurs, prescripteurs) et ce qu'il souhaite obtenir (notoriété, image, action), tout en veillant à ce que ce message soit aligné avec le produit, le prix et la distribution.\n\n### Ressources mobilisées\n• R1.03 : Fondamentaux de la communication commerciale.\n• R1.01 : Fondamentaux du marketing.\n\n### Mise en pratique (SAÉ)\n• SAÉ 2.03 : Élaboration d’un plan de communication commerciale.\n\n### Critères d'évaluation\n• Pertinence de la segmentation des cibles par rapport au marché visé.\n• Clarté et réalisme des objectifs de communication fixés.\n• Cohérence stratégique globale entre le mix-marketing et la promesse de communication.\n\nEn résumé : cet AC apprend à définir 'quoi dire à qui' sans contredire l'image globale du produit.	1	Tronc Commun	7
29	AC13.02	Analyser de manière pertinente les moyens de communication	Il s'agit d'étudier les différents vecteurs disponibles (presse, affichage, réseaux sociaux, événementiel) pour sélectionner les plus adaptés à la cible et au budget.\n\n### Ressources mobilisées\n• R2.03 : Moyens de la communication commerciale.\n\n### Mise en pratique (SAÉ)\n• SAÉ 2.03 : Élaboration d’un plan de communication commerciale.\n\n### Critères d'évaluation\n• Justification du choix des supports en fonction des habitudes de consommation média de la cible.\n• Adéquation entre les moyens choisis et les contraintes budgétaires de l'organisation.\n\nEn résumé : cet AC permet de choisir les 'bons haut-parleurs' pour diffuser le message efficacement.	1	Tronc Commun	7
30	AC13.03	Élaborer des supports simples (ISA, affiches...)	L'étudiant passe à la phase de création technique en produisant des visuels ou des documents de présentation efficaces et attractifs.\n\n### Ressources mobilisées\n• R2.13 : Ressources et culture numériques (RCN).\n• R1.14 : Expression, communication et culture.\n\n### Mise en pratique (SAÉ)\n• SAÉ 1.03 : Communication commerciale : création d’un support 'print'.\n\n### Critères d'évaluation\n• Qualité esthétique et visuelle du support (mise en page, choix des couleurs, typographie).\n• Efficacité du message (hiérarchisation de l'information, clarté de l'accroche).\n• Respect de la réglementation en vigueur (mentions obligatoires, droit à l'image, éthique).\n\nEn résumé : cet AC transforme une idée abstraite en un outil visuel concret et professionnel.	1	Tronc Commun	7
25	AC32.01	Identifier les techniques d’achat employées par un acheteur professionnel	L'étudiant doit repérer et contrer les tactiques de négociation avancées (mise en concurrence, décomposition des prix, pressions sur les délais) utilisées par les services achats structurés.\n\n### Ressources mobilisées\n• R5.02 : Négocier dans des contextes spécifiques - 1.\n• R6.02 : Négocier dans des contextes spécifiques - 2.\n\n### Mise en pratique (SAÉ)\n• Stage S6 (14 à 16 semaines) : Collaboration en responsabilité.\n\n### Critères d'évaluation\n• Réactivité tactique : Capacité à ajuster sa posture face aux méthodes de l'acheteur pendant la négociation.\n• Résilience commerciale : Maintien des objectifs de vente malgré les pressions exercées par l'acheteur pro.\n\nEn résumé : cet AC prépare l'étudiant à un rapport de force équilibré avec des acheteurs experts.	3	Tronc Commun	6
73	AC24.01MDEE	Mobiliser des indicateurs de performance en fonction du volume et de la variété des données	L'étudiant doit sélectionner et exploiter des indicateurs clés (KPIs) permettant de piloter l'efficacité d'une présence en ligne à partir de données de masse.\n\n### Ressources mobilisées\n• R3.12 : Ressources et culture numériques 3.\n• R3.08 : Tableau de bord commercial.\n\n### Mise en pratique (SAÉ)\n• SAÉ 3.MDEE.03 : Analyse d’une activité digitale.\n\n### Critères d’évaluation\n• Adéquation stratégique : Justesse du choix des indicateurs (trafic, taux de rebond, conversion) en fonction des objectifs de l'offre.\n• Fiabilité de l'analyse : Exactitude du traitement des données issues du Big Data pour identifier les points de friction.\n• Rigueur quantitative : Capacité à mobiliser efficacement les outils de calcul fondamentaux pour interpréter les résultats.	2	MDEE	17
78	AC34.01MDEE	Exploiter les données de masse en mobilisant les bons outils de traitement de l'information	L'étudiant doit savoir sélectionner et utiliser des outils de Big Data pour transformer des volumes importants de données en leviers décisionnels.\n\n### Ressources mobilisées\n• R5.MDEE.10 : RCN appliquées au marketing digital.\n\n### Mise en pratique (SAÉ)\n• SAÉ 5.MDEE.01 : Développement d'un projet digital.\n\n### Critères d’évaluation\n• Pertinence technologique : Justesse du choix des outils de recueil et d'analyse au regard de la variété des données.\n• Fiabilité du traitement : Capacité à traiter des données complexes pour en extraire des tendances exploitables.\n\nEn résumé : cet AC apprend à transformer les données de masse en leviers stratégiques décisionnels.	3	MDEE	18
89	AC35.01MDEE	Concevoir un modèle d'affaires complet incluant les sources de valeur, les parties prenantes et les externalités	L'étudiant doit élaborer un document stratégique décrivant la création et le partage de la valeur, en y intégrant les dimensions sociales et écologiques.\n\n### Ressources mobilisées\n• R5.MDEE.14 : Business model-2.\n• R6.MDEE.04 : Formalisation et sécurisation d'un business model.\n\n### Mise en pratique (SAÉ)\n• SAÉ 5.MDEE.01 : Développement d'un projet digital.\n\n### Critères d’évaluation\n• Exhaustivité de la cartographie : Identification précise de toutes les parties prenantes et des flux de revenus.\n• Prise en compte de la RSE : Intégration réelle des externalités (positives ou négatives) dans le business model.\n\nEn résumé : cet AC permet de concevoir un modèle d'affaires complet et responsable.	3	MDEE	20
54	AC24.01MMPV	Analyser les indicateurs de performances commerciales	L'étudiant doit savoir interpréter les résultats chiffrés du point de vente pour en évaluer la santé économique et proposer des ajustements.\n\n### Ressources mobilisées\n• R3.08 : Tableau de bord commercial.\n• R3.MMPV.15 : Management de la performance du point de vente.\n\n### Mise en pratique (SAÉ)\n• SAÉ 4.MMPV.03 : Propositions d’amélioration du fonctionnement du point de vente et du management de l’équipe.\n\n### Critères d’évaluation\n• Justesse de l'interprétation : Capacité à identifier les causes réelles d'un écart (positif ou négatif) entre les objectifs et les résultats.\n• Maîtrise des ratios de rentabilité : Calcul exact et explication des indicateurs tels que le panier moyen, le taux de transformation ou la marge brute.\n• Vision réflexive : Capacité à critiquer la pertinence de l'indicateur choisi par rapport au pilotage de l'activité.	2	MMPV	13
57	AC34.01MMPV	Fixer les objectifs en accord avec la méthode SMART	L'étudiant doit traduire la stratégie de l'enseigne en objectifs opérationnels pour ses collaborateurs.\n\n### Ressources mobilisées\n• R5.MMPV.12 : Management d'équipe.\n• R6.MMPV.04 : Prise de décision – pilotage.\n\n### Mise en pratique (SAÉ)\n• SAÉ 5.MMPV.01 : Approche omnicanal du point de vente.\n\n### Critères d'évaluation\n• Rigueur méthodologique : Capacité à formuler des objectifs qui respectent strictement les cinq critères SMART (Spécifique, Mesurable, Atteignable, Réaliste, Temporel).\n• Justification stratégique : Aptitude à expliciter ses décisions d'action en s'appuyant sur les indicateurs de performance (KPI) du point de vente.\n• Analyse de la performance : Qualité du lien établi entre les objectifs fixés et les résultats commerciaux obtenus (panier moyen, taux de transformation).\n\nEn résumé : cet AC apprend à piloter l'activité par des objectifs clairs et mesurables.	3	MMPV	14
38	AC24.03SME	Développer la communication de marque et le marketing de contenu	L'étudiant apprend à créer des récits (storytelling) et des contenus (brand content) qui soutiennent l'identité de la marque et engagent sa cible.\n\n### Ressources mobilisées\n• R3.03 : Principes de la communication digitale.\n• Storytelling et marketing de contenu.\n\n### Mise en pratique (SAÉ)\n• SAÉ 3.SME.03 : Création d’un événement comme outil de branding.\n\n### Critères d’évaluation\n• Efficacité valorisante : Qualité des contenus produits pour améliorer et valoriser l'image de marque de manière concrète.\n• Cohérence créative : Adéquation du contenu avec les codes esthétiques et sémantiques définis dans la plateforme de marque.\n\nEn résumé : cet AC apprend à faire vivre la marque à travers des contenus engageants.	2	SME	9
40	AC34.01SME	Déterminer les attributs et territoires de la marque	L'étudiant doit définir les caractéristiques intrinsèques de la marque et son périmètre de légitimité sur le marché.\n\n### Ressources mobilisées\n• R5.SME.11 : Stratégie de développement de marque-1.\n\n### Critères d’évaluation\n• Profondeur du diagnostic territorial : Capacité à délimiter précisément l'espace concurrentiel et symbolique où la marque peut s'exprimer sans perdre sa crédibilité.\n• Pertinence des attributs : Justesse du choix des traits de caractère de la marque (physiques, fonctionnels ou imaginaires) pour assurer une différenciation réelle face aux concurrents.\n• Justification stratégique : Aptitude à expliquer le choix des attributs en s'appuyant sur des études de marché et des analyses de comportement du consommateur.\n\nEn résumé : cet AC permet de définir le territoire de légitimité et les piliers de différenciation de la marque.	3	SME	10
109	AC24.01BDMRC	Réaliser un diagnostic avant la mise en place d'actions commerciales	L'étudiant doit analyser le secteur et les forces/faiblesses de l'organisation pour identifier les leviers de croissance en environnement B2B.\n\n### Ressources mobilisées\n• R3.BDMRC.15 : Marketing B2B.\n• R3.04 : Études marketing 3.\n\n### Mise en pratique (SAÉ)\n• SAÉ 3.BDMRC.03 : Développement d'une expertise commerciale basée sur le diagnostic de la stratégie client d'un secteur.\n\n### Critères d’évaluation\n• Rigueur de l'analyse sectorielle : Capacité à extraire des données pertinentes sur un secteur client spécifique.\n• Fiabilité des sources : Utilisation de sources d'information spécialisées B2B vérifiables.\n\nEn résumé : cet AC permet de fonder toute action commerciale sur une compréhension réelle des enjeux du marché.	2	BDMRC	25
110	AC24.02BDMRC	Mesurer l'importance du choix des cibles commerciales	Il s'agit de comprendre que l'efficacité commerciale dépend de la précision de la segmentation et du ciblage des entreprises clientes.\n\n### Ressources mobilisées\n• R3.BDMRC.15 : Marketing B2B.\n• R3.01 : Marketing Mix-2.\n\n### Mise en pratique (SAÉ)\n• SAÉ 3.BDMRC.03 : Développement d'une expertise commerciale.\n\n### Critères d’évaluation\n• Pertinence des critères de ciblage : Cohérence entre les caractéristiques de la cible choisie et le potentiel de chiffre d'affaires.\n• Justification stratégique : Capacité à expliquer pourquoi une cible est prioritaire par rapport à une autre.\n\nEn résumé : cet AC apprend à concentrer les efforts commerciaux là où la valeur ajoutée est la plus forte.	2	BDMRC	25
113	AC34.01BDMRC	Mettre en oeuvre la stratégie marketing et commerciale au sein de l'équipe	L'étudiant doit traduire les orientations stratégiques de l'organisation en plans d'actions concrets et superviser leur exécution par la force de vente.\n\n### Ressources mobilisées\n• R5.01 : Stratégie d'entreprise - 1.\n• R5.BDMRC.14 : Pilotage de l'équipe commerciale.\n\n### Mise en pratique (SAÉ)\n• SAÉ 5.BDMRC.01 : Mise en œuvre et pilotage de la stratégie client d’une entreprise.\n\n### Critères d’évaluation\n• Rigueur de la déclinaison opérationnelle : Capacité à transformer des objectifs globaux en indicateurs de performance (KPI) individuels et collectifs.\n• Cohérence stratégique : Adéquation des actions correctives proposées en fonction des résultats du tableau de bord.\n\nEn résumé : cet AC permet de passer de la vision globale à l'animation de terrain pour garantir l'atteinte des résultats.	3	BDMRC	26
19	AC22.01	Convaincre en exprimant avec empathie l’offre	L'étudiant doit dépasser la simple énumération technique pour adapter son discours à la psychologie du client, en transformant les caractéristiques du produit en bénéfices concrets et sur-mesure.\n\n### Ressources mobilisées\n• R3.02 : Entretien de vente.\n• R3.09 : Psychologie sociale du travail.\n\n### Mise en pratique (SAÉ)\n• SAÉ 3.01 : Pilotage d'un projet.\n\n### Critères d'évaluation\n• Qualité de l'empathie démontrée, pertinence de la personnalisation des avantages et force de conviction lors de la présentation.\n\nEn résumé : cet AC apprend à créer une connexion émotionnelle et rationnelle pour que le client s'approprie la solution.	2	Tronc Commun	5
105	AC35.01BI	Mobiliser ses connaissances en processus de vente et d'achat dans des situations interculturelles	L'étudiant doit mener des négociations complexes en adaptant sa posture aux codes culturels de son interlocuteur, souvent en langue étrangère.\n\n### Ressources mobilisées\n• R6.BI.03 : Anglais appliqué au BI.\n• R6.BI.04 : LVB appliquée au CI.\n• R5.BI.15 : Marketing achat.\n\n### Mise en pratique (SAÉ)\n• SAÉ 5.BI.01 : Conduite d'une mission import ou export.\n\n### Critères d’évaluation\n• Agilité comportementale : Capacité à décoder les signaux non-verbaux et à ajuster l'argumentaire en situation réelle.\n• Aisances linguistiques techniques : Utilisation fluide du vocabulaire spécifique aux contrats et aux échanges internationaux.\n\nEn résumé : cet AC fait de l'étudiant un négociateur capable de conclure des contrats n'importe où dans le monde.	3	BI	24
106	AC35.02BI	Optimiser la chaîne logistique à l'international	Il s'agit de concevoir des flux de marchandises qui minimisent les coûts et les délais tout en intégrant des critères environnementaux (RSE).\n\n### Ressources mobilisées\n• R5.BI.14 : Logistique et supply chain.\n• R5.BI.11 : Approvisionnement.\n\n### Mise en pratique (SAÉ)\n• SAÉ 5.BI.01 : Conduite d'une mission import ou export.\n\n### Critères d’évaluation\n• Performance logistique : Réduction démontrée des coûts d'approche par un choix multimodal pertinent.\n• Qualité environnementale : Justification de l'optimisation carbone du transport choisi.\n\nEn résumé : cet AC garantit que le produit voyage de la manière la plus rentable et la plus propre possible.	3	BI	24
107	AC35.03BI	Gérer l'administration des ventes/achats à l'international	L'étudiant assure la conformité totale de la liasse documentaire et sécurise les flux financiers de transactions à gros volume.\n\n### Ressources mobilisées\n• R5.BI.12 : Techniques de commerce international 2.\n• R5.05 : Analyse financière.\n\n### Mise en pratique (SAÉ)\n• SAÉ 5.BI.01 : Conduite d'une mission import ou export.\n• Stage S6 : Mission de fin d'études.\n\n### Critères d’évaluation\n• Rigueur documentaire : Zéro erreur sur les documents de douane, certificats d'origine et titres de transport.\n• Sécurisation des paiements : Maîtrise parfaite des techniques de couverture de risque (ex: Crédit documentaire complexe).\n\nEn résumé : cet AC est le garde-fou qui empêche les blocages douaniers et les impayés.	3	BI	24
108	AC35.04BI	Proposer l'offre marketing adaptée au(x) marché(s) ciblé(s)	Il s'agit de construire un mix-marketing étendu qui répond aux besoins spécifiques locaux tout en conservant l'ADN de la marque.\n\n### Ressources mobilisées\n• R5.BI.10 : RCN appliquées au BI.\n• R6.01 : Stratégie d'entreprise 2.\n\n### Mise en pratique (SAÉ)\n• SAÉ 5.BI.01 : Conduite d'une mission import ou export.\n\n### Critères d'évaluation\n• Pertinence de l'adaptation : Justification des modifications apportées aux 4P par rapport aux attentes des consommateurs locaux.\n• Synergie stratégique : Cohérence entre l'offre adaptée et l'image de marque globale de l'entreprise.\n\nEn résumé : cet AC garantit que le produit est désirable et accessible pour le client étranger.	3	BI	24
114	AC34.02BDMRC	Fédérer les équipes autour de la réussite des objectifs marketing et commerciaux	Il s'agit de développer des pratiques managériales pour motiver les collaborateurs, valoriser leurs compétences et favoriser l'adhésion à la culture d'entreprise.\n\n### Ressources mobilisées\n• R5.BDMRC.11 : Développement des pratiques managériales.\n• R5.BDMRC.14 : Pilotage de l'équipe commerciale.\n\n### Mise en pratique (SAÉ)\n• SAÉ 5.BDMRC.01 : Mise en œuvre et pilotage de la stratégie client d’une entreprise.\n\n### Critères d’évaluation\n• Qualité de l'animation : Capacité à mener des réunions d'équipe stimulantes et à gérer les relations sociales au sein du groupe.\n• Valorisation des talents : Aptitude à identifier les besoins de formation et à intégrer de nouveaux collaborateurs efficacement.\n\nEn résumé : cet AC forge le leadership nécessaire pour transformer un groupe d'individus en une force de vente unie.	3	BDMRC	26
115	AC34.03BDMRC	Co-construire une offre en collaboration avec les parties prenantes concernées	L'expertise consiste à élaborer des solutions complexes en environnement B2B, en intégrant les besoins du client et les contraintes des services internes (production, logistique, finance).\n\n### Ressources mobilisées\n• R5.BDMRC.13 : Marketing des services.\n• R6.BDMRC.03 : Management des comptes-clés (KAM).\n\n### Mise en pratique (SAÉ)\n• SAÉ 5.BDMRC.01 : Mise en œuvre et pilotage de la stratégie client d’une entreprise.\n• Stage S6 : Mission de fin d'études.\n\n### Critères d’évaluation\n• Pertinence sectorielle : L'offre doit être parfaitement adaptée au contexte métier spécifique du client professionnel.\n• Qualité de la collaboration : Capacité à négocier et à obtenir un consensus entre les différentes parties prenantes pour créer de la valeur partagée.\n\nEn résumé : cet AC apprend à piloter la création de solutions sur-mesure pour des clients stratégiques (grands comptes).	3	BDMRC	26
82	AC34.05MDEE	Proposer des solutions adaptées aux spécificités de la chaine logistique du e-commerce	L'étudiant doit concevoir des flux logistiques performants répondant aux exigences du commerce en ligne (rapidité, derniers kilomètres, retours).\n\n### Ressources mobilisées\n• R5.MDEE.16 : Logistique et supply chain.\n\n### Mise en pratique (SAÉ)\n• SAÉ 5.MDEE.01 : Développement d'un projet digital.\n\n### Critères d’évaluation\n• Réalisme des flux : Adéquation des solutions logistiques avec les promesses de livraison de la plateforme e-commerce.\n• Efficience opérationnelle : Capacité à optimiser les coûts logistiques tout en maintenant une haute qualité de service client.\n\nEn résumé : cet AC garantit l'alignement entre la promesse de vente web et la réalité de la livraison physique.	3	MDEE	18
56	AC24.03MMPV	Planifier les missions de l'équipe en accord avec la stratégie de l'espace de vente	L'étudiant doit organiser le travail quotidien (planning, répartition des tâches) pour assurer la fluidité du parcours client et l'attractivité du magasin.\n\n### Ressources mobilisées\n• R4.MMPV.10 : Management des équipes.\n• R2.09 : Psychologie sociale.\n\n### Mise en pratique (SAÉ)\n• SAÉ 4.MMPV.03 : Propositions d’amélioration du fonctionnement du point de vente.\n\n### Critères d’évaluation\n• Cohérence organisationnelle : Adéquation entre le planning de l'équipe et les pics d'affluence prévus ou les opérations commerciales en cours.\n• Respect du cadre légal : Intégration des contraintes du droit du travail dans l'élaboration des plannings (repos, durées légales).\n• Alignement stratégique : Justification de la répartition des missions en fonction des priorités de l'enseigne.	2	MMPV	13
62	AC25.01MMPV	Analyser le secteur et l'environnement concurrentiel	L'étudiant doit appréhender l'environnement commercial local pour en dégager les spécificités et les opportunités.\n\n### Ressources mobilisées\n• R3.MMPV.16 : Marketing du point de vente.\n• R3.MMPV.15 : Management de la performance du point de vente.\n\n### Mise en pratique (SAÉ)\n• SAÉ 3.MMPV.03 : Analyse d’un point de vente ou d’un rayon dans un environnement concurrentiel.\n\n### Critères d’évaluation\n• Rigueur du diagnostic : Capacité à identifier précisément les zones de chalandise et les forces des concurrents directs et indirects.\n• Pertinence de la veille : Justesse des conclusions tirées sur les tendances du secteur.\n\nEn résumé : cet AC permet de comprendre le positionnement du point de vente dans son écosystème local.	2	MMPV	15
32	AC23.01	Élaborer une stratégie de communication adaptée au brief agence	L'étudiant doit savoir traduire les besoins d'un annonceur en une stratégie créative et pertinente, en respectant les contraintes énoncées dans le cahier des charges initial.\n\n### Ressources mobilisées\n• R4.03 : Conception de campagnes de communication et choix des médias.\n\n### Mise en pratique (SAÉ)\n• SAÉ 4.02 : Pilotage commercial d'une organisation.\n\n### Critères d’évaluation\n• Fidélité au brief agence, pertinence des objectifs de communication et originalité de la promesse.\n\nEn résumé : cet AC apprend à passer de la demande brute du client à une vision stratégique cohérente et inspirante.	2	Tronc Commun	8
33	AC23.02	Établir une stratégie de moyens en utilisant les indicateurs de choix des supports	Il s'agit de sélectionner les vecteurs de diffusion (médias et hors-médias) les plus efficaces en s'appuyant sur des données d'audience et des indicateurs de coût pour optimiser le budget.\n\n### Ressources mobilisées\n• R4.03 : Conception de campagnes de communication.\n\n### Mise en pratique (SAÉ)\n• SAÉ 4.02 : Pilotage commercial d’une organisation.\n\n### Critères d’évaluation\n• Justification rigoureuse des supports choisis et optimisation de la couverture de la cible par rapport au budget investi.\n\nEn résumé : cet AC permet de choisir les 'haut-parleurs' les plus performants pour garantir l'impact du message.	2	Tronc Commun	8
34	AC23.03	Proposer un plan de com 360° en élaborant les supports	L'étudiant conçoit une campagne multicanale où chaque support (print, web, événementiel) renforce les autres, tout en créant les visuels ou messages adaptés à chaque canal.\n\n### Ressources mobilisées\n• R4.03 : Choix des médias.\n• R2.13 : Ressources et culture numériques (RCN).\n\n### Mise en pratique (SAÉ)\n• SAÉ 4.02 : Pilotage commercial d'une organisation.\n\n### Critères d’évaluation\n• Cohérence visuelle et éditoriale sur l'ensemble des points de contact et qualité technique de la réalisation des supports.\n\nEn résumé : cet AC assure une présence de marque uniforme et puissante sur tous les terrains de rencontre avec le client.	2	Tronc Commun	8
63	AC25.02MMPV	S'approprier la chaîne d'approvisionnement de l'espace de vente	Il s'agit de comprendre et de piloter les flux de marchandises depuis les fournisseurs jusqu'aux rayons, en respectant les directives du réseau.\n\n### Ressources mobilisées\n• R2.11 / R2.10 : Canaux de commercialisation et distribution.\n• Gestion des stocks et droit de la distribution.\n\n### Critères d’évaluation\n• Maîtrise des flux : Compréhension des mécanismes de réapprovisionnement et des contraintes logistiques (délais, coûts, stockage).\n• Conformité aux accords : Respect des procédures définies entre le point de vente et ses partenaires ou fournisseurs.\n\nEn résumé : cet AC garantit l'efficacité de la chaîne d'approvisionnement pour éviter les ruptures ou le surstock.	2	MMPV	15
120	AC35.01BDMRC	Asseoir la réussite de la relation client sur la cohérence globale de l'organisation	L'étudiant doit s'assurer que la stratégie relationnelle est alignée avec les ressources et la structure de l'entreprise pour garantir une promesse client tenue.\n\n### Ressources mobilisées\n• R5.BDMRC.13 : Marketing des services.\n• R5.01 : Stratégie d'entreprise - 1.\n\n### Mise en pratique (SAÉ)\n• SAÉ 5.BDMRC.01 : Mise en œuvre et pilotage de la stratégie client d'une entreprise.\n\n### Critères d’évaluation\n• Alignement stratégique : Capacité à démontrer que l'organisation interne (processus, services) soutient efficacement les objectifs de satisfaction client.\n• Cohérence organisationnelle : Justesse du lien établi entre la stratégie globale de l'entreprise et les actions de terrain.\n\nEn résumé : cet AC permet de coordonner l'ensemble des fonctions de l'entreprise vers un but unique : la satisfaction du client.	3	BDMRC	28
121	AC35.02BDMRC	Optimiser l'expérience client par la mise en place d'un processus d'amélioration continue	Il s'agit de piloter la satisfaction tout au long du parcours client et de mettre en œuvre des boucles de rétroaction pour améliorer l'offre de façon durable.\n\n### Ressources mobilisées\n• R5.BDMRC.12 : Management de la valeur client.\n• R6.BDMRC.04 : Nouveaux comportements des clients.\n\n### Mise en pratique (SAÉ)\n• SAÉ 5.BDMRC.01 : Mise en œuvre et pilotage de la stratégie client d'une entreprise.\n\n### Critères d’évaluation\n• Réflexivité stratégique : Aptitude à analyser les échecs ou les points de friction du parcours client pour proposer des correctifs.\n• Maîtrise des KPIs d'expérience : Pertinence de l'utilisation des indicateurs de mesure de l'expérience client (NPS, CES) pour déclencher des actions d'amélioration.\n\nEn résumé : cet AC transforme le manager en un moteur de progrès constant pour l'expérience vécue par le client.	3	BDMRC	28
122	AC35.03BDMRC	Contribuer à la diffusion de la culture client au sein de l'organisation	L'étudiant doit agir comme un ambassadeur de la 'culture de service', en sensibilisant et en fédérant les collaborateurs internes autour des valeurs de l'organisation.\n\n### Ressources mobilisées\n• R5.BDMRC.11 : Développement des pratiques managériales.\n• R3.09 : Psychologie sociale du travail.\n\n### Mise en pratique (SAÉ)\n• SAÉ 5.BDMRC.01 : Mise en œuvre et pilotage de la stratégie client d'une entreprise.\n\n### Critères d’évaluation\n• Qualité de l'animation managériale : Capacité à motiver une équipe autour d'une vision centrée sur le client et à valoriser les comportements orientés service.\n• Pédagogie interne : Efficacité dans la transmission des valeurs et des bonnes pratiques relationnelles au sein de l'organisation.\n\nEn résumé : cet AC forge le leadership nécessaire pour ancrer la satisfaction client dans l'ADN de l'entreprise.	3	BDMRC	28
123	AC35.04BDMRC	Faire évoluer les outils de la relation client	L'expertise consiste à sélectionner et à adapter les outils technologiques (CRM, omnicanalité) pour valoriser le portefeuille client tout en respectant la protection des données.\n\n### Ressources mobilisées\n• R5.BDMRC.10 : RCN appliquées au BD et au MRC.\n• R4.BDMRC.10 : Relation client omnicanal.\n\n### Mise en pratique (SAÉ)\n• Stage S6 : Mission de fin d'études en responsabilité.\n\n### Critères d’évaluation\n• Performance technologique : Justesse du choix et de l'évolution des outils numériques pour optimiser l'exploitation des données client.\n• Conformité et éthique : Respect rigoureux du RGPD dans l'évolution des processus de collecte et de traitement des données.\n\nEn résumé : cet AC garantit que l'entreprise dispose des outils les plus performants et sécurisés pour gérer son capital client.	3	BDMRC	28
9	AC31.01	Mettre en place des outils de veille pour anticiper les évolutions de l'environnement	L'étudiant doit concevoir un système de surveillance (stratégique, technologique, concurrentielle) permettant à l'organisation de rester proactive face aux changements.\n\n### Ressources mobilisées\n• R5.01 : Stratégie d'entreprise - 1.\n• R6.01 : Stratégie d'entreprise - 2.\n\n### Mise en pratique (SAÉ)\n• SAÉ 5.01/6.01 : Pilotage stratégique d'une organisation.\n\n### Critères d'évaluation\n• Qualité de la veille : Capacité à identifier des signaux faibles et des sources d'information expertes.\n• Rigueur de l'anticipation : Justesse des scénarios d'évolution du marché proposés.\n• Réflexivité experte : Capacité à critiquer ses propres méthodes de collecte et à proposer des outils alternatifs en fonction du contexte sectoriel.\n\nEn résumé : cet AC apprend à transformer l'information brute en avantage concurrentiel pour ne jamais être pris de court par le marché.	3	Tronc Commun	3
26	AC32.02	Élaborer des outils de gestion et de calcul efficaces pour la vente complexe	La vente complexe nécessite des montages financiers rigoureux. L'étudiant doit produire des documents contractuels sans erreur, incluant des modalités de paiement, des remises échelonnées ou des calculs de rentabilité financière.\n\n### Ressources mobilisées\n• R5.05 : Analyse financière.\n• R5.04 : Droit des activités commerciales - 2.\n\n### Mise en pratique (SAÉ)\n• SAÉ 5.01 : Pilotage de projet et évaluation de performance.\n\n### Critères d'évaluation\n• Exactitude technique : Absence d'erreur dans les calculs de TVA, de marges arrière ou de conditions de paiement.\n• Conformité juridique : Présence des mentions obligatoires et respect du droit des contrats commerciaux dans les supports produits.\n\nEn résumé : cet AC garantit que la solidité administrative et financière de la transaction.	3	Tronc Commun	6
27	AC32.03	Maîtriser les codes propres à l'univers spécifique rencontré	L'étudiant doit démontrer une agilité comportementale et linguistique (vocabulaire technique, codes sociaux, usages culturels) adaptée au secteur d'activité de son client.\n\n### Ressources mobilisées\n• R5.06 / R6.03 : Anglais appliqué au commerce et business international.\n• R5.08 : Expression, communication et culture 5.\n\n### Mise en pratique (SAÉ)\n• SAÉ spécifique au parcours.\n\n### Critères d'évaluation\n• Adaptabilité sectorielle : Utilisation fluide du jargon métier spécifique à l'industrie du client.\n• Posture réflexive : Capacité à critiquer ses propres méthodes de communication après une vente pour les améliorer selon le contexte.\n\nEn résumé : cet AC finalise la crédibilité de l'étudiant en tant qu'expert métier.	3	Tronc Commun	6
90	AC35.02MDEE	Faire des préconisations grâce aux outils du diagnostic stratégique	Il s'agit d'analyser les environnements spécifiques pour réussir un projet digital et d'en tirer une vision stratégique partagée.\n\n### Ressources mobilisées\n• R5.01 : Stratégie d'entreprise-1.\n\n### Mise en pratique (SAÉ)\n• SAÉ 5.MDEE.01 : Développement d'un projet digital.\n\n### Critères d’évaluation\n• Pertinence stratégique : Justesse des recommandations face aux opportunités et menaces du marché digital.\n• Profondeur de l'analyse : Capacité à croiser les données internes de l'entreprise avec les tendances du secteur.\n\nEn résumé : cet AC permet de faire des préconisations stratégiques basées sur un diagnostic approfondi.	3	MDEE	20
74	AC24.02MDEE	Identifier les spécifités du marketing digital	Il s'agit de distinguer et d'expliquer les leviers propres au numérique (SEO, réseaux sociaux, e-CRM) par rapport aux actions traditionnelles.\n\n### Ressources mobilisées\n• R3.MDEE.15 : Stratégie de marketing digital.\n• R3.03 : Principes de la communication digitale.\n\n### Mise en pratique (SAÉ)\n• SAÉ 3.MDEE.03 : Analyse d’une activité digitale.\n\n### Critères d’évaluation\n• Maîtrise conceptuelle : Profondeur de la compréhension des mécanismes d'acquisition et de fidélisation digitalisés.\n• Pertinence de la veille : Capacité à identifier les tendances émergentes et les contraintes de l'environnement numérique spécifique au projet.\n• Esprit critique : Aptitude à justifier l'usage d'un levier digital par rapport à un autre en fonction de la cible choisie.	2	MDEE	17
75	AC24.03MDEE	Utiliser un cahier des charges e-business	L'étudiant s'approprie un document de cadrage technique et fonctionnel pour garantir que le projet répond aux besoins métiers.\n\n### Ressources mobilisées\n• R4.MDEE.09 : Conduite de projet digital.\n\n### Mise en pratique (SAÉ)\n• SAÉ 4.MDEE.03 : Création de site web.\n\n### Critères d’évaluation\n• Conformité des livrables : Respect rigoureux des contraintes fonctionnelles et des délais énoncés dans le document de cadrage.\n• Rigueur méthodologique : Capacité à traduire des besoins marketing en spécifications techniques claires pour les prestataires.\n• Collaboration active : Efficacité dans la communication des étapes critiques du projet au sein du collectif.	2	MDEE	17
76	AC24.04MDEE	Intégrer les spécificités du e-commerce	Il s'agit de maîtriser l'architecture d'une boutique en ligne, incluant le parcours utilisateur (UX), le tunnel de conversion et la sécurisation des échanges.\n\n### Ressources mobilisées\n• R4.MDEE.10 : Stratégie e-commerce.\n\n### Mise en pratique (SAÉ)\n• SAÉ 4.MDEE.03 : Création de site web.\n\n### Critères d’évaluation\n• Qualité de l'expérience client (UX) : Fluidité et ergonomie du parcours d'achat mis en place sur la plateforme.\n• Expertise transactionnelle : Intégration pertinente des plateformes de paiement et maîtrise des mécanismes de conversion.\n• Conformité réglementaire : Respect scrupuleux des règles de protection des données (RGPD) et de la sécurité informatique.	2	MDEE	17
77	AC24.05MDEE	Respecter le processus logistique	L'étudiant doit assurer la cohérence entre la vente virtuelle et la livraison physique des biens, en optimisant la chaîne d'approvisionnement.\n\n### Ressources mobilisées\n• R4.MDEE.09 : Conduite de projet digital.\n• R3.01 : Marketing Mix.\n\n### Mise en pratique (SAÉ)\n• SAÉ 4.MDEE.03 : Focus sur le backend logistique.\n\n### Critères d’évaluation\n• Réalisme opérationnel : Adéquation du dispositif logistique avec les promesses de délais et de coûts faites au client.\n• Performance de la supply chain : Capacité à proposer des solutions logistiques optimisant le prix de revient e-commerce.\n• Posture responsable : Prise en compte des enjeux éthiques et écologiques dans la gestion des livraisons et des retours.	2	MDEE	17
91	AC35.03MDEE	Elaborer les documents financiers nécessaires en tant que concepteur du business model	L'étudiant doit analyser de façon pertinente les indicateurs financiers pour garantir la viabilité économique de la start-up ou du projet.\n\n### Ressources mobilisées\n• R5.05 : Analyse financière.\n\n### Mise en pratique (SAÉ)\n• SAÉ 5.MDEE.01 : Développement d'un projet digital.\n\n### Critères d’évaluation\n• Rigueur technique : Exactitude des bilans prévisionnels, seuils de rentabilité et plans de financement.\n• Crédibilité du modèle : Adéquation entre les besoins financiers identifiés et les objectifs de développement.\n\nEn résumé : cet AC garantit la solidité financière du projet e-business.	3	MDEE	20
92	AC35.04MDEE	Contrôler la conformité et la pertinence du modèle	L'expertise consiste à vérifier que le projet respecte les contraintes juridiques (droit du numérique, RGPD) et reste cohérent avec les objectifs de départ.\n\n### Ressources mobilisées\n• R6.MDEE.04 : Sécurisation d'un business model.\n\n### Mise en pratique (SAÉ)\n• Stage S6 : Mission de fin d'études.\n\n### Critères d’évaluation\n• Sûreté juridique : Absence de risques réglementaires majeurs dans le modèle proposé.\n• Posture critique : Capacité à remettre en question le modèle initial si la pertinence commerciale n'est plus démontrée.\n\nEn résumé : cet AC assure la conformité et la pérennité du modèle d'affaires.	3	MDEE	20
93	AC35.05MDEE	Choisir les techniques de créativité individuelle et collective adaptées	L'étudiant doit mobiliser les techniques adéquates pour faire émerger l'innovation au sein d'une équipe.\n\n### Ressources mobilisées\n• R5.MDEE.11 : Management de la créativité et de l'innovation.\n\n### Mise en pratique (SAÉ)\n• SAÉ 5.MDEE.01 : Développement d'un projet digital.\n\n### Critères d’évaluation\n• Efficience du processus : Choix d'une méthode de créativité produisant des solutions réellement innovantes et exploitables.\n• Qualité de l'animation : Capacité à stimuler la génération d'idées au sein du collectif.\n\nEn résumé : cet AC permet de piloter l'innovation par des méthodes de créativité adaptées.	3	MDEE	20
98	AC34.01BI	Evaluer le diagnostic export/import et faire des préconisations	L'étudiant doit critiquer un diagnostic existant pour en extraire des recommandations stratégiques concrètes permettant de valider ou réorienter le développement international.\n\n### Ressources mobilisées\n• R5.01 : Stratégie d'entreprise 1.\n• R5.BI.10 : RCN appliquées au BI.\n\n### Mise en pratique (SAÉ)\n• SAÉ 5.BI.01 : Conduite d'une mission import ou export.\n\n### Critères d’évaluation\n• Profondeur de la posture réflexive : Capacité à identifier les limites du diagnostic initial.\n• Valeur ajoutée des préconisations : Réalisme des solutions proposées face aux ressources réelles de l'entreprise.\n\nEn résumé : cet AC transforme un analyste en un conseiller capable de dire 'comment' réussir sur un marché.	3	BI	22
94	AC35.06MDEE	Développer un projet de façon proactive	L'étudiant agit comme un initiateur, capable de piloter le projet avec autonomie et de s'intégrer activement dans une dynamique collective.\n\n### Ressources mobilisées\n• R5.MDEE.09 : Management de projet digital.\n\n### Mise en pratique (SAÉ)\n• Stage S6 : Mission de fin d'études.\n\n### Critères d’évaluation\n• Leadership et autonomie : Capacité à prendre des décisions rapides face aux imprévus du développement.\n• Esprit d'entreprise : Démontrer une volonté de faire aboutir le projet au-delà des simples consignes.\n\nEn résumé : cet AC forge la posture de responsable de projet e-business proactif.	3	MDEE	20
69	AC35.03MMPV	Gérer la relation avec les fournisseurs ou le réseau	L'étudiant agit en tant qu'interface entre le point de vente et ses partenaires pour optimiser les conditions d'approvisionnement et de collaboration.\n\n### Ressources mobilisées\n• R5.MMPV.13 : Supply chain.\n• R5.MMPV.15 : Trade marketing.\n\n### Critères d’évaluation\n• Conformité aux accords de réseau : Respect rigoureux des directives de l'enseigne et des procédures de référencement fournisseurs.\n• Efficience opérationnelle : Qualité du suivi des flux et capacité à résoudre les litiges logistiques ou commerciaux avec les partenaires.\n\nEn résumé : cet AC garantit la fluidité et la conformité de la relation avec les partenaires amont.	3	MMPV	16
83	AC25.01MDEE	Concevoir un modèle d'affaires simplifié	L'étudiant doit élaborer un document décrivant la création, la livraison et le partage de la valeur pour un projet entrepreneurial ou intrapreneurial.\n\n### Ressources mobilisées\n• R4.MDEE.11 : Business model-1.\n\n### Mise en pratique (SAÉ)\n• SAÉ 3.MDEE.02 : Démarche de création d’entreprise en contexte digital.\n\n### Critères d'évaluation\n• Cohérence de la proposition de valeur : Adéquation entre le problème identifié et la solution digitale proposée.\n• Logique du modèle : Clarté de l'articulation entre les segments de clientèle et les flux de revenus.\n\nEn résumé : cet AC permet de poser les bases économiques viables d'un projet avant son lancement technique.	2	MDEE	19
16	AC12.04	Évaluer la performance commerciale au moyen d'indicateurs	Cette étape consiste à utiliser des outils chiffrés pour analyser les résultats d'une action commerciale, comme le taux de transformation ou le panier moyen.\n\n### Ressources mobilisées\n• R1.07 : Techniques quantitatives.\n• R1.08 : Éléments financiers.\n• R2.05 : Coûts, marges et prix.\n\n### Mise en pratique (SAÉ)\n• SAÉ 1.02 : Analyse des résultats de prospection.\n• SAÉ 2.02 : Vente : initiation au jeu de rôle de négociation.\n\n### Critères d'évaluation\n• Exactitude des calculs et pertinence de l'analyse des résultats.\n\nEn résumé : cet AC donne à l'étudiant la capacité de mesurer l'efficacité de son travail et d'identifier des axes d'amélioration.	1	Tronc Commun	4
1	AC11.01	Analyser l'environnement d'une entreprise en repérant et appréciant les sources d'informations	L'étudiant doit apprendre à réaliser un diagnostic externe et interne en s'appuyant sur des données vérifiées. L'accent est mis sur la capacité à distinguer les sources d'informations fiables pour comprendre le contexte du marché.\n\n### Ressources mobilisées (S1)\n• R1.01 : Fondamentaux du marketing et comportement du consommateur.\n• R1.05 : Environnement économique de l'entreprise.\n• R1.06 : Environnement juridique de l'entreprise.\n• R1.12 : Rôle et organisation de l'entreprise sur son marché.\n\n### Mise en pratique (SAÉ)\n• SAÉ 1.01 : Marketing : positionnement d'une offre simple sur un marché.\n\n### Critères d'évaluation\n• Justesse du diagnostic des forces, faiblesses, opportunités et menaces.\n• Pertinence et crédibilité des sources documentaires exploitées.\n\nEn résumé : cet AC apprend à fonder toute décision marketing sur une analyse rigoureuse et factuelle de la réalité de l'entreprise.	1	Tronc Commun	1
3	AC11.03	Choisir une cible et un positionnement en fonction de la segmentation du marché	Sur la base de l'analyse, l'étudiant doit segmenter le marché, sélectionner le segment le plus porteur (ciblage) et définir une promesse distinctive pour le consommateur par rapport à la concurrence (positionnement).\n\n### Ressources mobilisées (S1/S2)\n• R1.01 : Fondamentaux du marketing.\n• R2.01 : Marketing mix (stratégie marketing).\n\n### Mise en pratique (SAÉ)\n• SAÉ 1.01 : Marketing : positionnement d'une offre simple sur un marché.\n\n### Critères d'évaluation\n• Cohérence stratégique entre le segment choisi et les ressources de l'entreprise.\n• Clarté et différenciation du positionnement proposé.\n\nEn résumé : cet AC apprend à 'trancher' stratégiquement pour que l'offre soit adressée aux bons clients avec le bon message.	1	Tronc Commun	1
99	AC34.02BI	Evaluer les marchés internationaux en prenant en compte le contexte géo-éco-politique	Il s'agit d'intégrer des variables complexes (conflits, barrières douanières, stabilité monétaire) pour juger de la viabilité d'un marché sur le long terme.\n\n### Ressources mobilisées\n• R5.03 : Financement et régulation de l’économie.\n• R5.BI.13 : Droit international.\n\n### Mise en pratique (SAÉ)\n• SAÉ 5.BI.01 : Conduite d'une mission import ou export.\n\n### Critères d’évaluation\n• Maîtrise des risques géopolitiques : Justesse de l'analyse de l'impact des tensions internationales sur le business model.\n• Pertinence de la veille : Qualité et actualité des données économiques utilisées pour l'évaluation.\n\nEn résumé : cet AC permet d'anticiper les tempêtes politiques pour protéger les intérêts de l'entreprise.	3	BI	22
100	AC34.03BI	Proposer le mode d'entrée (filiale, joint venture, etc.) le plus adéquate	L'étudiant doit arbitrer entre les différentes modalités juridiques et financières d'implantation pour optimiser la présence de l'offre sur le marché ciblé.\n\n### Ressources mobilisées\n• R5.BI.13 : Droit international.\n• R5.01 : Stratégie d'entreprise 1.\n\n### Mise en pratique (SAÉ)\n• SAÉ 5.BI.01 : Conduite d'une mission import ou export.\n• Stage S6 : Mission de fin d'études.\n\n### Critères d’évaluation\n• Cohérence juridique : Adéquation du montage (ex: Joint venture) avec la législation locale et le niveau de risque accepté.\n• Optimisation financière : Justification du choix en fonction du coût d'implantation et du retour sur investissement attendu.\n\nEn résumé : cet AC fixe le cadre légal et structurel de la conquête d'un nouveau pays.	3	BI	22
84	AC25.02MDEE	Analyser de façon pertinente la situation marché-entreprise grâce aux outils de diagnostic stratégique	Il s'agit d'utiliser des matrices d'analyse pour confronter les ressources de l'organisation aux opportunités du marché digital.\n\n### Ressources mobilisées\n• R3.MDEE.15 : Stratégie de marketing digital.\n\n### Mise en pratique (SAÉ)\n• SAÉ 3.MDEE.03 : Analyse d'une activité digitale.\n\n### Critères d'évaluation\n• Justesse du diagnostic : Utilisation rigoureuse des outils stratégiques (type SWOT ou PESTEL) adaptés au web.\n• Pertinence des conclusions : Capacité à identifier les avantages concurrentiels réels de l'entreprise sur son marché cible.\n\nEn résumé : cet AC assure que le projet s'appuie sur une compréhension réelle de son environnement concurrentiel.	2	MDEE	19
85	AC25.03MDEE	Analyser la situation financière d'une entreprise à partir des éléments de la comptabillité générale	L'étudiant doit savoir interpréter les documents financiers de base pour évaluer la santé et la faisabilité financière d'un projet.\n\n### Ressources mobilisées\n• R1.08 / R1.14 : Éléments financiers de l'entreprise.\n\n### Mise en pratique (SAÉ)\n• SAÉ 3.MDEE.02 : Développement d'un 'Business Plan digital'.\n\n### Critères d'évaluation\n• Fiabilité de l'interprétation : Exactitude de l'analyse du bilan et du compte de résultat.\n• Maîtrise des indicateurs : Capacité à calculer et expliquer les ratios de rentabilité simples.\n\nEn résumé : cet AC garantit la compréhension des enjeux financiers indispensables à la survie d'une start-up ou d'un projet.	2	MDEE	19
86	AC25.04MDEE	Identifier les éléments pertinents nécessaires à la réalisation du projet	L'étudiant doit lister et planifier l'ensemble des moyens (humains, techniques, financiers) requis pour concrétiser l'idée en projet réel.\n\n### Ressources mobilisées\n• R4.MDEE.09 : Conduite de projet digital.\n\n### Mise en pratique (SAÉ)\n• SAÉ 3.MDEE.02 : Démarche de création d’entreprise.\n\n### Critères d'évaluation\n• Exhaustivité de l'inventaire : Prise en compte de tous les besoins, notamment les contraintes juridiques et technologiques.\n• Réalisme du cadrage : Adéquation entre les ressources identifiées et les délais impartis.\n\nEn résumé : cet AC transforme une vision abstraite en une feuille de route opérationnelle.	2	MDEE	19
87	AC25.05MDEE	Utiliser les techniques de créativité individuelle et collective	Il s'agit de mobiliser des méthodes de génération d'idées (brainstorming, mind mapping, etc.) pour favoriser l'innovation au sein du projet.\n\n### Ressources mobilisées\n• R3.MDEE.16 : Créativité et innovation.\n\n### Mise en pratique (SAÉ)\n• SAÉ 3.MDEE.02 : Ateliers de création.\n\n### Critères d'évaluation\n• Diversité des propositions : Capacité à produire un grand nombre d'idées originales avant la phase de sélection.\n• Efficacité de la méthode : Aptitude à animer ou participer activement à une séance de créativité collective.\n\nEn résumé : cet AC permet de 'sortir du cadre' pour trouver des solutions innovantes et différenciantes.	2	MDEE	19
4	AC11.04	Concevoir une offre cohérente et éthique en termes de produits, de prix, de distribution et de communication	L'étudiant élabore ici le mix-marketing opérationnel. L'offre doit être mutuellement cohérente entre ses 4 piliers et respecter une posture citoyenne, éthique et écologique.\n\n### Ressources mobilisées (S2)\n• R2.01 : Marketing mix - 1.\n• R2.05 : Coûts, marges et prix d'une offre simple.\n• R2.10 : Connaissance des canaux de commercialisation et distribution.\n• R2.03 : Moyens de la communication commerciale.\n\n### Mise en pratique (SAÉ)\n• SAÉ 2.01 : Marketing : marketing mix.\n\n### Critères d'évaluation\n• Adéquation opérationnelle du mix avec le positionnement cible.\n• Respect de la réglementation en vigueur et des enjeux de la RSE.\n\nEn résumé : cet AC finalise la construction concrète du produit prêt à être lancé de manière responsable sur son marché.	1	Tronc Commun	1
17	AC12.05	Recourir aux techniques adaptées à la démarche de prospection	L'étudiant doit savoir qualifier un fichier de prospects, réaliser un plan d'appel (script) et maîtriser la prise de contact, notamment téléphonique.\n\n### Ressources mobilisées\n• R1.02 : Vente.\n• R1.10 : Initiation à la conduite de projet.\n• R1.13 : Ressources et culture numériques 1 (CRM).\n\n### Mise en pratique (SAÉ)\n• SAÉ 1.02 : Vente : démarche de prospection.\n\n### Critères d'évaluation\n• Qualité du fichier de prospects et efficacité de la prise de contact initiale.\n\nEn résumé : cet AC est crucial pour le développement commercial car il apprend à générer de nouvelles opportunités d'affaires.	1	Tronc Commun	4
18	AC12.06	Recourir aux codes d'expression spécifiques et professionnels	Il s'agit de maîtriser la posture professionnelle : communication verbale (ton, vocabulaire) et non verbale (tenue, gestuelle) pour instaurer la confiance.\n\n### Ressources mobilisées\n• R1.14 : Expression, communication et culture 1.\n• R2.09 : Psychologie sociale.\n\n### Mise en pratique (SAÉ)\n• SAÉ 1.02 : Vente : démarche de prospection.\n• SAÉ 2.02 : Vente : initiation au jeu de rôle de négociation.\n\n### Critères d'évaluation\n• Maîtrise de l'écoute active et adéquation du comportement avec les attentes professionnelles.\n\nEn résumé : cet AC forge l'identité professionnelle de l'étudiant pour qu'il soit perçu comme un partenaire crédible.	1	Tronc Commun	4
31	AC13.04	Analyser les indicateurs post campagne	Une fois le communication lancée, l'étudiant doit mesurer si elle a atteint ses buts en analysant des données chiffrées (taux de clic, mémorisation, retours clients).\n\n### Ressources mobilisées\n• R1.10 : Études marketing.\n• R1.07 : Techniques quantitatives et représentations.\n\n### Mise en pratique (SAÉ)\n• SAÉ 2.03 : Élaboration d’un plan de communication commerciale.\n\n### Critères d'évaluation\n• Exactitude de l'interprétation des indicateurs de performance (KPIs).\n• Capacité à proposer des mesures correctives si les objectifs n'ont pas été atteints.\n\nEn résumé : cet AC apporte la preuve par le chiffre que l'investissement en communication a été utile.	1	Tronc Commun	7
5	AC21.01	Diagnostiquer l'environnement en appréhendant les enjeux sociaux et écologiques	L'étudiant doit élargir son analyse au-delà du simple marché pour intégrer les enjeux de la Responsabilité Sociétale des Entreprises (RSE). Il s'agit de comprendre comment les pressions sociales et environnementales impactent la viabilité d'un projet.\n\n### Ressources mobilisées (Cours)\n• R3.01 : Marketing mix - 2.\n• R3.05 : Environnement économique international.\n\n### Mise en pratique (SAÉ)\n• SAÉ 3.01 : Pilotage d'un projet en déployant les techniques de commercialisation.\n\n### Critères d'évaluation\n• Pertinence du diagnostic RSE et identification des impacts éthiques.\n• Capacité à lier les contraintes environnementales aux choix stratégiques de l'entreprise.\n\nEn résumé : cet AC apprend à intégrer le développement durable comme une contrainte structurante du marketing moderne.	2	Tronc Commun	2
6	AC21.02	Mettre en oeuvre une étude de marché dans un environnement complexe	L'étude de marché ne porte plus sur un produit simple mais sur des contextes complexes (B2B, innovation technologique, marchés saturés). L'étudiant doit mobiliser des outils d'analyse plus pointus pour traiter des données de masse.\n\n### Ressources mobilisées (Cours)\n• R3.04 : Études marketing - 3.\n• R3.07 : Techniques quantitatives et représentations - 3.\n\n### Mise en pratique (SAÉ)\n• SAÉ 3.01 : Pilotage d'un projet complexe.\n\n### Critères d'évaluation\n• Rigueur de la méthodologie face à une problématique peu familière ou mouvante.\n• Exactitude de l'analyse des comportements des consommateurs avancés ou des acheteurs professionnels.\n\nEn résumé : cet AC apprend à lever les incertitudes sur des marchés où l'information est difficile à obtenir ou à interpréter.	2	Tronc Commun	2
7	AC21.03	Mettre en place une stratégie marketing dans un environnement complexe	Il s'agit ici de définir des orientations stratégiques (segmentation, ciblage, positionnement) pour des offres qui sortent de l'ordinaire ou pour des segments de niche très spécifiques.\n\n### Ressources mobilisées (Cours)\n• R4.01 : Stratégie marketing.\n• R3.01 : Marketing Mix - 2.\n\n### Mise en pratique (SAÉ)\n• SAÉ 4.02 : Pilotage commercial d'une organisation.\n\n### Critères d'évaluation\n• Différenciation réelle du positionnement face à une concurrence agressive.\n• Cohérence entre les préconisations stratégiques et les capacités financières/humaines de l'organisation.\n\nEn résumé : cet AC apprend à décider d'une direction claire pour une marque dans un environnement concurrentiel intense.	2	Tronc Commun	2
8	AC21.04	Concevoir un mix étendu pour une offre complexe	L'étudiant élabore un marketing mix qui va au-delà des 4P classiques pour inclure les services, les processus et les preuves matérielles (7P) nécessaires à une offre innovante ou complexe.\n\n### Ressources mobilisées (Cours)\n• R3.01 : Marketing mix - 2.\n• R4.01 : Stratégie marketing.\n\n### Mise en pratique (SAÉ)\n• SAÉ 4.02 : Pilotage commercial d'une organisation.\n\n### Critères d'évaluation\n• Synergie parfaite entre tous les éléments du mix étendu.\n• Caractère innovant et éthique de la solution proposée au client.\n\nEn résumé : cet AC finalise la construction concrète d'une solution client complète, performante et prête pour un marché complexe.	2	Tronc Commun	2
20	AC22.02	Négocier le prix : défendre, valoriser l'offre	Il s'agit d'apprendre à maintenir ses marges en justifiant la valeur de l'offre face aux tactiques de négociation ou aux demandes de remise des acheteurs.\n\n### Ressources mobilisées\n• R4.02 : Négociation : rôle du vendeur et de l'acheteur.\n\n### Mise en pratique (SAÉ)\n• SAÉ 4.02 : Pilotage commercial d'une organisation.\n\n### Critères d'évaluation\n• Capacité à identifier la stratégie de l'acheteur, pertinence des arguments de défense du prix et maintien de la rentabilité de l'offre.\n\nEn résumé : cet AC apprend à ne pas 'brader' son produit mais à faire accepter son prix par la démonstration de sa valeur.	2	Tronc Commun	5
21	AC22.03	Maîtriser les éléments juridiques et comptables de l'offre	L'étudiant doit sécuriser la vente en s'assurant que la proposition respecte le cadre légal (contrats, CGV) et les contraintes financières de l'entreprise.\n\n### Ressources mobilisées\n• R3.06 : Droit des activités commerciales 1.\n• R4.04 : Droit du travail.\n\n### Mise en pratique (SAÉ)\n• SAÉ 4.02 : Pilotage commercial d'une organisation.\n\n### Critères d'évaluation\n• Conformité réglementaire des documents produits et exactitude des calculs de rentabilité (marges, seuil de rentabilité).\n\nEn résumé : cet AC garantit que la vente est juridiquement solide et économiquement viable.	2	Tronc Commun	5
22	AC22.04	Utiliser les OAV à bon escient pour convaincre	L'expertise consiste ici à intégrer les supports de vente (présentations numériques, simulateurs de coûts) de manière fluide durant l'entretien pour appuyer les moments clés de l'argumentation.\n\n### Ressources mobilisées\n• R3.12 : Ressources et culture numériques 3.\n• R3.02 : Entretien de vente.\n\n### Mise en pratique (SAÉ)\n• SAÉ 3.01 : Pilotage d'un projet.\n• SAÉ 4.02 : Pilotage commercial d'une organisation.\n\n### Critères d'évaluation\n• Fluidité de l'utilisation des outils en situation réelle et impact visuel/pédagogique des supports sur le client.\n\nEn résumé : cet AC apprend à utiliser la technologie comme un levier de crédibilité et de preuve durant la vente.	2	Tronc Commun	5
23	AC22.05	Organiser le suivi de ses résultats	L'étudiant apprend à piloter son activité en analysant ses propres statistiques de vente pour s'auto-corriger et contribuer à la performance collective.\n\n### Ressources mobilisées\n• R3.08 : Tableau de bord commercial.\n• R3.07 : Techniques quantitatives.\n\n### Mise en pratique (SAÉ)\n• SAÉ 4.01 : Évaluation de la performance du projet.\n\n### Critères d'évaluation\n• Justesse de l'analyse des indicateurs clés (KPI) et pertinence des actions correctives proposées pour améliorer les futurs résultats.\n\nEn résumé : cet AC transforme le vendeur en un professionnel capable de gérer sa propre progression par les chiffres.	2	Tronc Commun	5
24	AC22.06	Prendre en compte les enjeux de la fonction achat	L'étudiant doit comprendre la logique de l'acheteur professionnel pour mieux vendre. Cela implique de saisir comment les décisions d'achat impactent globalement la rentabilité de l'organisation.\n\n### Ressources mobilisées\n• R4.02 : Négociation : rôles vendeur/acheteur.\n\n### Mise en pratique (SAÉ)\n• SAÉ 4.02 : Pilotage commercial d'une organisation.\n\n### Critères d'évaluation\n• Compréhension démontrée des contraintes de sourcing et de gestion des risques de l'interlocuteur acheteur.\n\nEn résumé : cet AC permet de passer d'une vente 'frontale' à une vente 'partenaire' en comprenant les objectifs de l'autre partie.	2	Tronc Commun	5
35	AC23.04	Mettre en œuvre une stratégie digitale	Cette étape consiste à piloter la présence en ligne en animant des communautés et en collaborant avec des prescripteurs digitaux, tout en analysant les retours et l'image de marque sur le web.\n\n### Ressources mobilisées\n• R3.03 : Principes de la communication digitale.\n\n### Mise en pratique (SAÉ)\n• SAÉ 4.02 : Pilotage commercial d'une organisation.\n\n### Critères d’évaluation\n• Qualité de l'engagement généré sur les réseaux sociaux, maîtrise de l'image de marque en ligne (e-réputation) et pertinence des indicateurs de suivi (KPIs digitaux).\n\nEn résumé : cet AC donne les clés pour maîtriser la conversation avec le client dans l'écosystème numérique moderne.	2	Tronc Commun	8
10	AC31.02	Élaborer une stratégie marketing dans un environnement instable	Il s'agit de savoir pivoter ou ajuster une stratégie marketing lorsque les conditions de marché deviennent imprévisibles ou en cas de crise majeure.\n\n### Ressources mobilisées\n• R5.01 : Stratégie d'entreprise - 1.\n• R5.03 : Financement et régulation de l'économie.\n\n### Mise en pratique (SAÉ)\n• SAÉ 5.01/6.01 : Pilotage stratégique d'une organisation.\n\n### Critères d'évaluation\n• Robustesse de la stratégie : Cohérence des décisions face à un scénario de crise imposé (sanitaire, économique).\n• Qualité des justifications : Fluidité de l'argumentation s'appuyant sur les ressources stratégiques et financières.\n• Maîtrise des risques : Capacité à évaluer l'impact financier et commercial d'un changement de cap stratégique.\n\nEn résumé : cet AC forge la capacité de décision du futur manager marketing en période de haute incertitude.	3	Tronc Commun	3
11	AC31.03	Faire évoluer l'offre à l'aide de leviers de création de valeur	L'étudiant doit être capable de rénover ou d'étendre une offre existante en identifiant de nouveaux gisements de valeur (innovation d'usage, service, expérience client).\n\n### Ressources mobilisées\n• R5.01 : Stratégie d'entreprise - 1.\n• R5.BDMRC.11 : Management de la créativité et de l'innovation.\n\n### Mise en pratique (SAÉ)\n• SAÉ 5.01/6.01 : Pilotage stratégique d'une organisation et évaluation de performance projet.\n\n### Critères d'évaluation\n• Pertinence des leviers : Justification du choix des nouveaux éléments de l'offre par rapport aux attentes des clients.\n• Qualité de l'innovation : Caractère différenciant et viable de la solution proposée.\n• Analyse critique des résultats : Capacité à mesurer l'écart entre la valeur voulue et la valeur perçue par le client.\n\nEn résumé : cet AC apprend à ne jamais laisser une offre péricliter en la réinventant continuellement.	3	Tronc Commun	3
12	AC31.04	Intégrer la RSE dans la stratégie de l'offre	L'expertise consiste ici à faire de la Responsabilité Sociétale des Entreprises un pilier central du business model, et non un simple argument de communication.\n\n### Ressources mobilisées\n• R5.01 : Stratégie d'entreprise.\n• R5.03 : Économie et éthique.\n\n### Mise en pratique (SAÉ)\n• SAÉ 5.01/6.01 : Intégration systématique des enjeux RSE dans les projets de fin d'études.\n\n### Critères d'évaluation\n• Profondeur de l'intégration : L'offre doit respecter les principes d'éthique et de responsabilité environnementale sur l'ensemble de son cycle de vie.\n• Conformité réglementaire : Respect strict de la législation en vigueur et anticipation des normes futures.\n• Posture citoyenne : Capacité de l'étudiant à agir en responsabilité au sein d'une organisation professionnelle.\n\nEn résumé : cet AC finalise la posture d'expert en garantissant que la performance marketing est durable et éthiquement irréprochable.	3	Tronc Commun	3
